{"cameraMode":{"drawMode":0,"name":"Shaded","section":"Shading Mode"},"sceneLighting":true,"audioPlay":false,"sceneViewState":{"m_AlwaysRefresh":false,"showFog":true,"showSkybox":true,"showFlares":true,"showImageEffects":true,"showParticleSystems":true,"showVisualEffectGraphs":true,"m_FxEnabled":true},"in2DMode":false,"pivot":{"x":-32.099998474121097,"y":6.899999618530273,"z":6.699999809265137},"rotation":{"x":0.05719028040766716,"y":0.7291091084480286,"z":-0.6792356371879578,"w":0.061389800161123279},"size":10.620614051818848,"orthographic":true}